{"bsonType":"object","required":["article_id","user_id"],"permission":{"read":true,"create":false,"update":false,"delete":false},"properties":{"_id":{"description":"ID，系统自动生成"},"article_id":{"bsonType":"string","description":"文章ID","foreignKey":"articleList._id"},"user_id":{"bsonType":"string","description":"用户ID","foreignKey":"user._id"},"initiator_id":{"bsonType":"string","description":"发起人ID","foreignKey":"user._id"},"initiator_nickname":{"bsonType":"string","description":"发起人昵称"},"initiator_avatar":{"bsonType":"string","description":"发起人头像"},"bargain_amount":{"bsonType":"number","description":"本次砍价金额","defaultValue":0},"current_price":{"bsonType":"number","description":"砍价后的当前价格","defaultValue":0},"is_complete":{"bsonType":"bool","description":"是否砍价完成","defaultValue":false},"is_buyout":{"bsonType":"bool","description":"是否为买断记录","defaultValue":false},"buyout_price":{"bsonType":"number","description":"买断成交价","defaultValue":0},"bargain_mode":{"bsonType":"string","description":"砍价模式"},"reward_points":{"bsonType":"number","description":"奖励积分","defaultValue":0},"share_from_user_id":{"bsonType":"string","description":"分享来源用户ID","foreignKey":"user._id"},"create_time":{"bsonType":"timestamp","description":"砍价时间","defaultValue":{"$env":"now"}},"nickname":{"bsonType":"string","description":"用户昵称"},"avatar":{"bsonType":"string","description":"用户头像"},"ip_address":{"bsonType":"string","description":"IP地址"},"device_info":{"bsonType":"object","description":"设备信息"}}}