{"bsonType":"object","required":["article_id","lucky_ranks","is_enabled"],"permission":{"read":true,"create":"auth.uid != null","update":"auth.uid != null","delete":"auth.uid != null"},"properties":{"_id":{"description":"ID，系统自动生成"},"article_id":{"bsonType":"string","description":"文章ID，关联article表","foreignKey":"article._id"},"lucky_ranks":{"bsonType":"array","description":"幸运用户排名数组，如[1, 5, 10]表示第1、5、10位评论者为幸运用户","items":{"bsonType":"int"}},"is_enabled":{"bsonType":"bool","description":"是否启用该配置，true表示启用，false表示禁用","defaultValue":true},"show_modal":{"bsonType":"bool","description":"是否显示幸运用户提示弹窗，true表示显示，false表示不显示","defaultValue":true},"create_time":{"bsonType":"timestamp","description":"创建时间","defaultValue":{"$env":"now"}},"update_time":{"bsonType":"timestamp","description":"最后更新时间","defaultValue":{"$env":"now"}},"create_uid":{"bsonType":"string","description":"创建者用户ID","foreignKey":"uni-id-users._id","defaultValue":{"$env":"uid"}},"config_type":{"bsonType":"string","description":"配置类型，comment表示评论幸运用户配置","enum":["comment"],"defaultValue":"comment"},"default_config":{"bsonType":"bool","description":"是否为系统默认配置，true表示是默认配置，不与具体文章关联","defaultValue":false}},"indexes":[{"IndexName":"article_id","MgoKeySchema":{"MgoIndexKeys":[{"Name":"article_id","Direction":"1"}],"MgoIsUnique":false}},{"IndexName":"config_type","MgoKeySchema":{"MgoIndexKeys":[{"Name":"config_type","Direction":"1"}],"MgoIsUnique":false}}]}