{"bsonType":"object","required":["name"],"permission":{"read":true,"create":false,"update":false,"delete":false},"properties":{"_id":{"description":"ID，系统自动生成"},"name":{"bsonType":"string","description":"公司名称","maxLength":50},"slogan":{"bsonType":"string","description":"公司口号","maxLength":100},"address":{"bsonType":"string","description":"公司地址","maxLength":200},"phone":{"bsonType":"string","description":"联系电话","pattern":"^1[3-9]\\d{9}$"},"email":{"bsonType":"string","description":"电子邮箱","pattern":"^[\\w-]+(\\.[\\w-]+)*@[\\w-]+(\\.[\\w-]+)+$"},"workTime":{"bsonType":"string","description":"工作时间","maxLength":100},"update_time":{"bsonType":"timestamp","description":"更新时间"}}}