{"bsonType":"object","required":["type","content","user_id","create_time"],"permission":{"read":true,"create":"auth.uid != null","update":false,"delete":false},"properties":{"_id":{"description":"ID，系统自动生成"},"type":{"bsonType":"string","description":"反馈类型","enum":["功能建议","界面设计","性能问题","其他"]},"content":{"bsonType":"string","description":"反馈内容","minLength":10,"maxLength":500},"contact":{"bsonType":"string","description":"联系方式","maxLength":50},"images":{"bsonType":"array","description":"图片列表","maxItems":3,"items":{"bsonType":"object","properties":{"name":{"bsonType":"string"},"url":{"bsonType":"string"}}}},"user_id":{"bsonType":"string","description":"用户ID","foreignKey":"uni-id-users._id"},"create_time":{"bsonType":"timestamp","description":"创建时间"},"status":{"bsonType":"int","description":"处理状态：0-未处理，1-处理中，2-已处理","minimum":0,"maximum":2,"defaultValue":0},"reply":{"bsonType":"string","description":"回复内容","maxLength":500},"reply_time":{"bsonType":"timestamp","description":"回复时间"}}}