{"bsonType":"object","required":["name","image_url","status"],"permission":{"read":true,"create":"auth.role == 'admin'","update":"auth.role == 'admin'","delete":"auth.role == 'admin'"},"properties":{"_id":{"description":"ID，系统自动生成"},"name":{"bsonType":"string","description":"礼物名称","maxLength":50},"image_url":{"bsonType":"string","description":"礼物图片URL","maxLength":500},"description":{"bsonType":"string","description":"礼物描述","maxLength":200},"status":{"bsonType":"int","description":"状态：0-禁用，1-启用","minimum":0,"maximum":1},"sort":{"bsonType":"int","description":"排序值，数值越小越靠前","defaultValue":100},"create_date":{"bsonType":"timestamp","description":"创建时间","defaultValue":{"$env":"now"}},"update_date":{"bsonType":"timestamp","description":"更新时间","defaultValue":{"$env":"now"}}}}