{"bsonType":"object","required":["article_id","user_id","initiator_id"],"permission":{"read":true,"create":false,"update":false,"delete":false},"properties":{"_id":{"description":"ID，系统自动生成"},"article_id":{"bsonType":"string","description":"文章ID","foreignKey":"articleList._id"},"initiator_id":{"bsonType":"string","description":"发起人ID（浏览者）","foreignKey":"user._id"},"initiator_nickname":{"bsonType":"string","description":"发起人昵称"},"initiator_avatar":{"bsonType":"string","description":"发起人头像"},"user_id":{"bsonType":"string","description":"帮砍用户ID","foreignKey":"user._id"},"bargain_amount":{"bsonType":"number","description":"本次砍价金额","defaultValue":0},"current_price":{"bsonType":"number","description":"砍价后的当前价格（保留兼容性）","defaultValue":0},"is_complete":{"bsonType":"bool","description":"是否砍价完成","defaultValue":false},"create_time":{"bsonType":"timestamp","description":"砍价时间","defaultValue":{"$env":"now"}},"nickname":{"bsonType":"string","description":"帮砍用户昵称"},"avatar":{"bsonType":"string","description":"帮砍用户头像"},"ip_address":{"bsonType":"string","description":"IP地址"},"device_info":{"bsonType":"object","description":"设备信息"},"bargain_mode":{"bsonType":"string","description":"砍价模式"},"reward_points":{"bsonType":"number","description":"完成后发起人获得的奖励积分","defaultValue":0},"cashback_amount":{"bsonType":"number","description":"本次返现金额（元）","defaultValue":0},"cashback_status":{"bsonType":"int","description":"返现状态：0-待返现，1-已返现，2-返现失败","defaultValue":0,"enum":[0,1,2]},"cashback_time":{"bsonType":"timestamp","description":"返现时间"},"transaction_id":{"bsonType":"string","description":"企业付款交易单号"},"cashback_error":{"bsonType":"string","description":"返现失败原因"},"is_initiator_record":{"bsonType":"bool","description":"是否为发起人初始记录（购买后自动创建）","defaultValue":false}}}