{"bsonType":"object","required":[],"permission":{"read":true,"create":false,"update":false,"delete":false},"properties":{"_id":{"description":"ID，系统自动生成"},"user_id":{"bsonType":"string","description":"用户id","foreignKey":"user._id"},"article_id":{"bsonType":"string","description":"文章id","foreignKey":"articleList._id"},"like_status":{"bsonType":"int","description":"点赞状态，1为已点赞，0为未点赞"},"create_time":{"bsonType":"timestamp","description":"点赞时间","defaultValue":{"$env":"now"}},"update_time":{"bsonType":"timestamp","description":"更新时间","defaultValue":{"$env":"now"}},"nickname":{"bsonType":"string","description":"用户昵称，用于显示点赞用户信息"},"avatar":{"bsonType":"string","description":"用户头像，用于显示点赞用户信息"},"is_lucky_user":{"bsonType":"bool","description":"是否为幸运用户","defaultValue":false},"lucky_rank":{"bsonType":"int","description":"幸运用户排名","defaultValue":0},"lucky_config":{"bsonType":"object","description":"幸运用户配置，仅在type=config时有效","properties":{"type":{"bsonType":"string","description":"记录类型，config表示这是一条配置记录","enum":["config"]},"lucky_ranks":{"bsonType":"array","description":"幸运用户排名列表，例如[1, 8, 18]表示第1、8、18位点赞的用户为幸运用户","defaultValue":[1,8,18],"items":{"bsonType":"int"}},"rewards":{"bsonType":"string","description":"幸运用户奖励描述","defaultValue":"幸运用户专属奖励"},"is_enabled":{"bsonType":"bool","description":"是否启用幸运用户功能","defaultValue":true},"update_time":{"bsonType":"timestamp","description":"更新时间","defaultValue":{"$env":"now"}}}},"record_type":{"bsonType":"string","description":"记录类型，like表示点赞记录，config表示配置记录，lucky_user表示幸运用户记录","enum":["like","config","lucky_user"],"defaultValue":"like"}}}