{"collections":[{"collection":"lottery_results","description":"抽奖结果记录","schema":{"bsonType":"object","required":["userId","winnerId","timestamp"],"permission":{"read":true,"create":true,"update":false,"delete":false},"properties":{"_id":{"description":"存储文档 ID，系统自动生成","bsonType":"string"},"userId":{"description":"发起抽奖的用户ID","bsonType":"string"},"winnerId":{"description":"中奖用户ID","bsonType":"string"},"winnerName":{"description":"中奖用户昵称","bsonType":"string"},"winnerAvatar":{"description":"中奖用户头像","bsonType":"string"},"winnerContent":{"description":"中奖用户的评论内容","bsonType":"string"},"commentId":{"description":"中奖评论的ID","bsonType":"string"},"totalParticipants":{"description":"总参与人数","bsonType":"int"},"probability":{"description":"中奖概率","bsonType":"string"},"timestamp":{"description":"抽奖时间戳","bsonType":"timestamp"},"userInfo":{"description":"用户信息","bsonType":"object"},"gridPosition":{"description":"用户在9宫格中的位置信息","bsonType":"array","items":{"bsonType":"object","properties":{"position":{"description":"位置索引(0-8)","bsonType":"int"},"userId":{"description":"用户ID","bsonType":"string"},"nickName":{"description":"用户昵称","bsonType":"string"},"avatarUrl":{"description":"用户头像","bsonType":"string"},"content":{"description":"评论内容","bsonType":"string"},"commentId":{"description":"评论ID","bsonType":"string"}}}}}}}]}