{"bsonType":"object","required":[],"permission":{"read":true,"create":false,"update":false,"delete":false},"properties":{"_id":{"description":"ID，系统自动生成"},"lucky_ranks":{"bsonType":"array","description":"幸运用户排名列表，例如[1, 8, 18]表示第1、8、18位点赞的用户为幸运用户","defaultValue":[1,8,18,28],"items":{"bsonType":"int"}},"rewards":{"bsonType":"string","description":"幸运用户奖励描述","defaultValue":"幸运用户专属奖励"},"is_enabled":{"bsonType":"bool","description":"是否启用幸运用户功能","defaultValue":true},"create_time":{"bsonType":"timestamp","description":"创建时间","defaultValue":{"$env":"now"}},"update_time":{"bsonType":"timestamp","description":"更新时间","defaultValue":{"$env":"now"}}}}