{"bsonType":"object","required":["title","url","isVisible","create_time"],"permission":{"read":true,"create":"auth.role == 'admin'","update":"auth.role == 'admin'","delete":"auth.role == 'admin'"},"properties":{"_id":{"description":"ID，系统自动生成"},"title":{"bsonType":"string","description":"导航标题","title":"标题","trim":"both"},"url":{"bsonType":"string","description":"导航链接","title":"链接","trim":"both","format":"url"},"isVisible":{"bsonType":"bool","description":"是否显示导航条","title":"显示状态","defaultValue":true},"create_time":{"bsonType":"timestamp","description":"创建时间","title":"创建时间","defaultValue":{"$env":"now"}}}}