{"bsonType":"object","required":["site_name"],"permission":{"read":true,"create":true,"update":true,"delete":true},"properties":{"_id":{"description":"ID，系统自动生成"},"site_name":{"bsonType":"string","description":"站点名称","title":"站点名称","trim":"both","minLength":1,"maxLength":50},"site_code":{"bsonType":"string","description":"站点代码，用于标识不同站点","title":"站点代码","trim":"both","minLength":1,"maxLength":20},"site_img":{"bsonType":"string","description":"站点图片URL","title":"站点图片"},"site_desc":{"bsonType":"string","description":"站点描述","title":"站点描述","maxLength":200},"sort":{"bsonType":"int","description":"排序权重，数字越大越靠前","title":"排序","defaultValue":0},"is_visible":{"bsonType":"bool","description":"是否显示该站点","title":"是否显示","defaultValue":true},"is_location_based":{"bsonType":"bool","description":"是否为基于位置的站点","title":"基于位置","defaultValue":false},"location_info":{"bsonType":"object","description":"位置信息（仅对基于位置的站点）","title":"位置信息","properties":{"province":{"bsonType":"string","description":"省份"},"city":{"bsonType":"string","description":"城市"},"district":{"bsonType":"string","description":"区县"},"address":{"bsonType":"string","description":"详细地址"}}},"create_time":{"bsonType":"timestamp","description":"创建时间（时间戳，毫秒）","title":"创建时间","defaultValue":{"$env":"now"}},"update_time":{"bsonType":"timestamp","description":"更新时间（时间戳，毫秒）","title":"更新时间","defaultValue":{"$env":"now"}}},"indexes":[{"IndexName":"sort_index","MgoKeySchema":{"MgoIndexKeys":[{"Name":"sort","Direction":-1}],"MgoIsUnique":false}},{"IndexName":"site_name_index","MgoKeySchema":{"MgoIndexKeys":[{"Name":"site_name","Direction":1}],"MgoIsUnique":true}},{"IndexName":"site_code_index","MgoKeySchema":{"MgoIndexKeys":[{"Name":"site_code","Direction":1}],"MgoIsUnique":true}}]}