{"bsonType":"object","required":["article_id","view_time"],"permission":{"read":true,"create":true,"update":false,"delete":false,"count":true},"properties":{"_id":{"description":"ID，系统自动生成"},"article_id":{"bsonType":"string","description":"文章ID","title":"文章ID","foreignKey":"articleList._id"},"user_id":{"bsonType":"string","description":"浏览者用户ID（包括注册用户和访客用户）","title":"浏览者用户ID"},"user_nickName":{"bsonType":"string","description":"浏览者昵称","title":"浏览者昵称"},"user_avatarUrl":{"bsonType":"string","description":"浏览者头像","title":"浏览者头像"},"user_mobile":{"bsonType":"string","description":"浏览者手机号","title":"浏览者手机号"},"user_district":{"bsonType":"string","description":"浏览者地区","title":"浏览者地区"},"view_time":{"bsonType":"timestamp","description":"浏览时间","title":"浏览时间","default":{"$env":"now"}},"view_duration":{"bsonType":"int","description":"浏览时长(秒) - 累计浏览时间","title":"浏览时长","default":30,"minimum":0},"view_source":{"bsonType":"string","description":"浏览来源","title":"浏览来源","enum":["home","category","search","share","direct"],"default":"direct"},"ip_address":{"bsonType":"string","description":"IP地址","title":"IP地址"},"device_info":{"bsonType":"object","description":"设备信息","title":"设备信息","properties":{"platform":{"bsonType":"string","description":"平台"},"system":{"bsonType":"string","description":"系统"},"model":{"bsonType":"string","description":"设备型号"}}}},"indexes":[{"IndexName":"article_id_1","MongoCMD":{"createIndex":{"article_id":1}}},{"IndexName":"user_id_1","MongoCMD":{"createIndex":{"user_id":1}}},{"IndexName":"view_time_-1","MongoCMD":{"createIndex":{"view_time":-1}}}]}